<?xml version="1.0" encoding="UTF-8"?>
<con:soapui-project id="64a4bf73-9be4-4488-9b97-9b0eed91197c" activeEnvironment="Default" name="HelloSOAP" resourceRoot="${projectDir}" soapui-version="5.7.0" abortOnError="false" runType="SEQUENTIAL" xmlns:con="http://eviware.com/soapui/config"><con:settings/><con:interface xsi:type="con:WsdlInterface" id="679e82c6-ab18-4764-8121-4daf16bc04e5" wsaVersion="NONE" name="HelloWorldPortTypePortBinding" type="wsdl" bindingName="{http://hello_world.webservices.examples/}HelloWorldPortTypePortBinding" soapVersion="1_1" anonymous="optional" definition="http://192.168.50.122:7101/HelloWorldImpl/HelloWorldService?WSDL" xmlns:xsi="http://www.w3.org/2001/XMLSchema-instance"><con:settings/><con:definitionCache type="TEXT" rootPart="http://192.168.50.122:7101/HelloWorldImpl/HelloWorldService?WSDL"><con:part><con:url>http://192.168.50.122:7101/HelloWorldImpl/HelloWorldService?WSDL</con:url><con:content><![CDATA[<!--Published by JAX-WS RI (http://jax-ws.java.net). RI's version is JAX-WS RI 2.3.0-wls122140-b190328.0053 svn-revision#unknown.-->
<!--Generated by JAX-WS RI (http://jax-ws.java.net). RI's version is JAX-WS RI 2.3.0-wls122140-b190328.0053 svn-revision#unknown.-->
<definitions targetNamespace="http://hello_world.webservices.examples/" name="HelloWorldService" xmlns:wsu="http://docs.oasis-open.org/wss/2004/01/oasis-200401-wss-wssecurity-utility-1.0.xsd" xmlns:wsp="http://www.w3.org/ns/ws-policy" xmlns:wsp1_2="http://schemas.xmlsoap.org/ws/2004/09/policy" xmlns:wsam="http://www.w3.org/2007/05/addressing/metadata" xmlns:soap="http://schemas.xmlsoap.org/wsdl/soap/" xmlns:tns="http://hello_world.webservices.examples/" xmlns:xsd="http://www.w3.org/2001/XMLSchema" xmlns="http://schemas.xmlsoap.org/wsdl/">
  <types>
    <xsd:schema>
      <xsd:import namespace="http://hello_world.webservices.examples/" schemaLocation="http://192.168.50.122:7101/HelloWorldImpl/HelloWorldService?xsd=1"/>
    </xsd:schema>
  </types>
  <message name="sayHelloWorld">
    <part name="parameters" element="tns:sayHelloWorld"/>
  </message>
  <message name="sayHelloWorldResponse">
    <part name="parameters" element="tns:sayHelloWorldResponse"/>
  </message>
  <portType name="HelloWorldPortType">
    <operation name="sayHelloWorld">
      <input wsam:Action="http://hello_world.webservices.examples/HelloWorldPortType/sayHelloWorldRequest" message="tns:sayHelloWorld"/>
      <output wsam:Action="http://hello_world.webservices.examples/HelloWorldPortType/sayHelloWorldResponse" message="tns:sayHelloWorldResponse"/>
    </operation>
  </portType>
  <binding name="HelloWorldPortTypePortBinding" type="tns:HelloWorldPortType">
    <soap:binding transport="http://schemas.xmlsoap.org/soap/http" style="document"/>
    <operation name="sayHelloWorld">
      <soap:operation soapAction=""/>
      <input>
        <soap:body use="literal"/>
      </input>
      <output>
        <soap:body use="literal"/>
      </output>
    </operation>
  </binding>
  <service name="HelloWorldService">
    <port name="HelloWorldPortTypePort" binding="tns:HelloWorldPortTypePortBinding">
      <soap:address location="http://192.168.50.122:7101/HelloWorldImpl/HelloWorldService"/>
    </port>
  </service>
</definitions>]]></con:content><con:type>http://schemas.xmlsoap.org/wsdl/</con:type></con:part><con:part><con:url>http://192.168.50.122:7101/HelloWorldImpl/HelloWorldService?xsd=1</con:url><con:content><![CDATA[<!--Published by JAX-WS RI (http://jax-ws.java.net). RI's version is JAX-WS RI 2.3.0-wls122140-b190328.0053 svn-revision#unknown.-->
<xsd:schema targetNamespace="http://hello_world.webservices.examples/" xmlns:ns0="http://hello_world.webservices.examples/" xmlns:xsd="http://www.w3.org/2001/XMLSchema">
  <xsd:complexType name="sayHelloWorld">
    <xsd:sequence>
      <xsd:element name="arg0" type="xsd:string" minOccurs="0"/>
    </xsd:sequence>
  </xsd:complexType>
  <xsd:complexType name="sayHelloWorldResponse">
    <xsd:sequence>
      <xsd:element name="return" type="xsd:string" minOccurs="0"/>
    </xsd:sequence>
  </xsd:complexType>
  <xsd:element name="sayHelloWorld" type="ns0:sayHelloWorld"/>
  <xsd:element name="sayHelloWorldResponse" type="ns0:sayHelloWorldResponse"/>
</xsd:schema>]]></con:content><con:type>http://www.w3.org/2001/XMLSchema</con:type></con:part></con:definitionCache><con:endpoints><con:endpoint>http://192.168.50.122:7101/HelloWorldImpl/HelloWorldService</con:endpoint></con:endpoints><con:operation id="aa3cfba0-27d9-4390-aee7-81b77ca0790a" isOneWay="false" action="" name="sayHelloWorld" bindingOperationName="sayHelloWorld" type="Request-Response" inputName="" receivesAttachments="false" sendsAttachments="false" anonymous="optional"><con:settings/><con:call id="6808e82b-2573-4248-b4d1-0a8f0363937c" name="Request 1"><con:settings><con:setting id="com.eviware.soapui.impl.wsdl.WsdlRequest@request-headers">&lt;xml-fragment/></con:setting></con:settings><con:encoding>UTF-8</con:encoding><con:endpoint>http://localhost:7101/HelloWorldImpl/HelloWorldService</con:endpoint><con:request><![CDATA[<soapenv:Envelope xmlns:soapenv="http://schemas.xmlsoap.org/soap/envelope/" xmlns:hel="http://hello_world.webservices.examples/">
   <soapenv:Header/>
   <soapenv:Body>
      <hel:sayHelloWorld>
         <!--Optional:-->
         <arg0>Lloyd</arg0>
      </hel:sayHelloWorld>
   </soapenv:Body>
</soapenv:Envelope>]]></con:request><con:credentials><con:authType>No Authorization</con:authType></con:credentials><con:jmsConfig JMSDeliveryMode="PERSISTENT"/><con:jmsPropertyConfig/><con:wsaConfig mustUnderstand="NONE" version="200508" action="http://hello_world.webservices.examples/HelloWorldPortType/sayHelloWorldRequest"/><con:wsrmConfig version="1.2"/></con:call><con:call id="968c05cd-d223-4e6e-8547-fcb013424066" name="Request 7101"><con:settings><con:setting id="com.eviware.soapui.impl.wsdl.WsdlRequest@request-headers">&lt;xml-fragment/></con:setting></con:settings><con:encoding>UTF-8</con:encoding><con:endpoint>http://localhost:7101/HelloWorldImpl/HelloWorldService</con:endpoint><con:request><![CDATA[<soapenv:Envelope xmlns:soapenv="http://schemas.xmlsoap.org/soap/envelope/" xmlns:hel="http://hello_world.webservices.examples/">
   <soapenv:Header/>
   <soapenv:Body>
      <hel:sayHelloWorld>
         <!--Optional:-->
         <arg0>Jim</arg0>
      </hel:sayHelloWorld>
   </soapenv:Body>
</soapenv:Envelope>]]></con:request><con:credentials><con:authType>No Authorization</con:authType></con:credentials><con:jmsConfig JMSDeliveryMode="PERSISTENT"/><con:jmsPropertyConfig/><con:wsaConfig mustUnderstand="NONE" version="200508" action="http://hello_world.webservices.examples/HelloWorldPortType/sayHelloWorldRequest"/><con:wsrmConfig version="1.2"/></con:call><con:call id="c2bfa0b0-3705-432c-87b0-4d0b9d57b9b8" name="Bad Request 7101"><con:settings><con:setting id="com.eviware.soapui.impl.wsdl.WsdlRequest@request-headers">&lt;xml-fragment/></con:setting></con:settings><con:encoding>UTF-8</con:encoding><con:endpoint>http://localhost:7101/HelloWorldImpl/HelloWorldService</con:endpoint><con:request><![CDATA[<soapenv:Envelope xmlns:soapenv="http://schemas.xmlsoap.org/soap/envelope/" xmlns:hel="http://hello_world.webservices.examples/">
   <soapenv:Header/>
   <soapenv:Body>
      <hel:sayHelloWorld>
         <!--Optional:-->
         <arg0>Jim</arg0>
      </hel:sayHelloWorld2>
   </soapenv:Body>
</soapenv:Envelope>]]></con:request><con:credentials><con:authType>No Authorization</con:authType></con:credentials><con:jmsConfig JMSDeliveryMode="PERSISTENT"/><con:jmsPropertyConfig/><con:wsaConfig mustUnderstand="NONE" version="200508" action="http://hello_world.webservices.examples/HelloWorldPortType/sayHelloWorldRequest"/><con:wsrmConfig version="1.2"/></con:call></con:operation></con:interface><con:properties/><con:wssContainer/><con:oAuth2ProfileContainer/><con:oAuth1ProfileContainer/></con:soapui-project>