<?xml version="1.0" encoding="UTF-8"?>
<configuration>

    <property name="LOGS" value="./logs" />

    <appender name="Console"
        class="ch.qos.logback.core.ConsoleAppender">
        <layout class="ch.qos.logback.classic.PatternLayout">
              <Pattern>%d{yyyy-MM-dd HH:mm:ss} %-5p %c{1}:%L - %X{dd.trace_id} %X{dd.span_id} %X{dd.env} %X{dd.service} %X{dd.version} - %m%n</Pattern>
        </layout>
    </appender>

    <appender name="RollingFile"
        class="ch.qos.logback.core.rolling.RollingFileAppender">
        <file>${LOGS}/payroll-app.log</file>
        <encoder
            class="ch.qos.logback.classic.encoder.PatternLayoutEncoder">
            <!--  <Pattern>%d %p %C{1.} [%t] %m%n</Pattern> -->
            <Pattern>%d{yyyy-MM-dd HH:mm:ss} %-5p %c{1}:%L - %X{dd.trace_id} %X{dd.span_id} %X{dd.env} %X{dd.service} %X{dd.version} - %m%n</Pattern>
        </encoder>

        <rollingPolicy
            class="ch.qos.logback.core.rolling.TimeBasedRollingPolicy">
            <!-- rollover daily and when the file reaches 10 MegaBytes -->
            <fileNamePattern>${LOGS}/archived/payroll-app-logger-%d{yyyy-MM-dd}.%i.log</fileNamePattern>
            <timeBasedFileNamingAndTriggeringPolicy
                class="ch.qos.logback.core.rolling.SizeAndTimeBasedFNATP">
                <maxFileSize>10MB</maxFileSize>
            </timeBasedFileNamingAndTriggeringPolicy>
        </rollingPolicy>
    </appender>
    
    <!-- LOG everything at INFO level -->
    <root level="info">
        <appender-ref ref="RollingFile" />
        <appender-ref ref="Console" />
    </root>

    <!-- LOG "ccom.graphqljava.tutorial.bookdetails*" at TRACE level -->
    <logger name="com.graphqljava.tutorial.bookdetails" level="trace" additivity="false">
        <appender-ref ref="RollingFile" />
        <appender-ref ref="Console" />
    </logger>

</configuration>