{"title":"DogStatsD New Dashboard","description":"","widgets":[{"id":8486404811582930,"definition":{"title":"Custom Metric 1","type":"group","background_color":"vivid_yellow","show_title":true,"layout_type":"ordered","widgets":[{"id":4147682889908622,"definition":{"title":"","title_size":"16","title_align":"left","show_legend":true,"legend_layout":"vertical","legend_columns":["avg","min","max","value","sum"],"type":"timeseries","requests":[{"formulas":[{"formula":"query1"}],"response_format":"timeseries","queries":[{"query":"avg:statsd.lloyd_metric.one{$server,$category,$cluster} by {server}","data_source":"metrics","name":"query1"}],"style":{"palette":"dog_classic","line_type":"solid","line_width":"normal"},"display_type":"line"}],"yaxis":{"include_zero":true,"scale":"linear","label":"","min":"auto","max":"auto"},"markers":[]},"layout":{"x":0,"y":0,"width":12,"height":6}},{"id":6669490022468446,"definition":{"title":"","title_size":"16","title_align":"left","type":"query_table","requests":[{"formulas":[{"formula":"query1","conditional_formats":[],"limit":{"count":500,"order":"desc"},"cell_display_mode":"bar"}],"response_format":"scalar","queries":[{"query":"avg:statsd.lloyd_metric.one{$server,$category,$cluster} by {server,category,cluster}","data_source":"metrics","name":"query1","aggregator":"last"}]}],"has_search_bar":"always"},"layout":{"x":0,"y":6,"width":12,"height":4}},{"id":6761189357192052,"definition":{"title":"","title_size":"16","title_align":"left","type":"toplist","requests":[{"formulas":[{"formula":"query1","limit":{"count":10,"order":"desc"}}],"response_format":"scalar","queries":[{"query":"avg:statsd.lloyd_metric.one{$category,$server,$cluster} by {category}","data_source":"metrics","name":"query1","aggregator":"last"}]}]},"layout":{"x":0,"y":10,"width":12,"height":4}}]},"layout":{"x":0,"y":0,"width":12,"height":15}},{"id":6014759934485530,"definition":{"title":"Custom Metric 2","type":"group","background_color":"vivid_blue","show_title":true,"layout_type":"ordered","widgets":[{"id":6343150759571224,"definition":{"title":"","title_size":"16","title_align":"left","type":"query_value","requests":[{"formulas":[{"formula":"query1"}],"conditional_formats":[{"comparator":">","palette":"white_on_green","value":90},{"comparator":">=","palette":"white_on_yellow","value":80},{"comparator":"<","palette":"white_on_red","value":20}],"response_format":"scalar","queries":[{"query":"avg:statsd.lloyd_metric.two{$server,$category,$cluster}","data_source":"metrics","name":"query1","aggregator":"last"}]}],"autoscale":true,"precision":2},"layout":{"x":0,"y":0,"width":4,"height":3}},{"id":6582468648460850,"definition":{"title":"","title_size":"16","title_align":"left","type":"toplist","requests":[{"formulas":[{"formula":"query1","limit":{"count":10,"order":"desc"}}],"conditional_formats":[{"comparator":"<","palette":"white_on_red","value":20}],"response_format":"scalar","queries":[{"query":"avg:statsd.lloyd_metric.two{$server,$category,$cluster} by {cluster}","data_source":"metrics","name":"query1","aggregator":"last"}]}]},"layout":{"x":4,"y":0,"width":8,"height":3}},{"id":6735801759317588,"definition":{"title":"","title_size":"16","title_align":"left","type":"query_table","requests":[{"formulas":[{"formula":"query1","conditional_formats":[],"limit":{"count":500,"order":"desc"},"cell_display_mode":"bar"}],"response_format":"scalar","queries":[{"query":"avg:statsd.lloyd_metric.two{$server,$category,$cluster} by {server}","data_source":"metrics","name":"query1","aggregator":"last"}]}],"has_search_bar":"auto"},"layout":{"x":0,"y":3,"width":12,"height":4}},{"id":3919724430212064,"definition":{"title":"","title_size":"16","title_align":"left","show_legend":true,"legend_layout":"auto","legend_columns":["avg","min","max","value","sum"],"type":"timeseries","requests":[{"formulas":[{"formula":"query1"}],"response_format":"timeseries","queries":[{"query":"avg:statsd.lloyd_metric.two{$cluster,$server,$category} by {cluster}","data_source":"metrics","name":"query1"}],"style":{"palette":"dog_classic","line_type":"solid","line_width":"normal"},"display_type":"line"}],"yaxis":{"include_zero":true,"scale":"linear","label":"","min":"auto","max":"auto"},"markers":[]},"layout":{"x":0,"y":7,"width":12,"height":4}},{"id":1287978435776372,"definition":{"title":"","title_size":"16","title_align":"left","requests":[{"formulas":[{"formula":"query1","limit":{"order":"desc"}}],"response_format":"scalar","queries":[{"query":"max:statsd.lloyd_metric.two{$server,$category,$cluster} by {server}","data_source":"metrics","name":"query1","aggregator":"last"}]}],"type":"sunburst","hide_total":true,"legend":{"type":"inline"}},"layout":{"x":0,"y":11,"width":12,"height":5}}]},"layout":{"x":0,"y":0,"width":12,"height":17,"is_column_break":true}},{"id":7246280222516182,"definition":{"title":"Lloyd Memory Used","title_size":"16","title_align":"left","requests":[{"formulas":[{"formula":"query1","limit":{"order":"desc"}}],"response_format":"scalar","queries":[{"query":"sum:system.mem.used{host:COMP-C02DW0E1ML87}","data_source":"metrics","name":"query1","aggregator":"last"}]}],"type":"sunburst","legend":{"type":"table"}},"layout":{"x":0,"y":0,"width":4,"height":4}}],"template_variables":[{"name":"server","default":"*","prefix":"server","available_values":[]},{"name":"category","default":"*","prefix":"category","available_values":[]},{"name":"cluster","default":"*","prefix":"cluster","available_values":[]}],"layout_type":"ordered","is_read_only":false,"notify_list":[],"reflow_type":"fixed","id":"33g-ax2-7b5"}